"name","type","is.complete","part.acc","total.acc","fw","n.species.pred","n.species.prey","n.species.total","n.obs"
"Cheseapeake Bay","marine",TRUE,86.3321033210332,86.3321033210332,"01001111111111",242,452,483,13550
"Cheseapeake Bay","marine",FALSE,86.1950357906479,86.3321033210332,"01001111111111",240,435,472,10757
"Cheseapeake Bay","marine",FALSE,86.2694059682068,86.3321033210332,"01001111111111",237,430,470,10757
"Cheseapeake Bay","marine",FALSE,85.8651755203479,86.3247232472325,"00001111111111",201,353,422,3219
"Cheseapeake Bay","marine",FALSE,87.0146008077043,86.3321033210332,"01001111111111",194,350,421,3219
"Cheseapeake Bay","marine",FALSE,86.2223818932998,86.3321033210332,"01001111111111",239,427,470,11134
"Cheseapeake Bay","marine",FALSE,86.3481228668942,86.3247232472325,"00001111111111",236,431,467,11134
"Cheseapeake Bay","marine",FALSE,85.9911776500468,86.3321033210332,"01001111111111",228,405,454,7481
"Cheseapeake Bay","marine",FALSE,86.1248496190349,86.3247232472325,"00001111111111",230,408,455,7481
"Cheseapeake Bay","marine",FALSE,86.1256544502618,86.3247232472325,"00001111111111",192,338,412,2292
"Cheseapeake Bay","marine",FALSE,86.2565445026178,86.3247232472325,"00001111111111",190,339,415,2292
"Cheseapeake Bay","marine",FALSE,86.2847727052438,86.3321033210332,"01001111111111",235,425,464,10317
"Cheseapeake Bay","marine",FALSE,86.1296888630416,86.3247232472325,"00001111111111",235,435,472,10317
"Cheseapeake Bay","marine",FALSE,86.2696772141835,86.3321033210332,"01001111111111",241,447,479,12578
"Cheseapeake Bay","marine",FALSE,86.1822229289235,86.3321033210332,"01001111111111",242,450,482,12578
"Cheseapeake Bay","marine",FALSE,84.5839017735334,86.3247232472325,"00001111111111",182,308,390,1466
"Cheseapeake Bay","marine",FALSE,85.9481582537517,86.3247232472325,"00001111111111",183,302,387,1466
"Cheseapeake Bay","marine",FALSE,86.25,86.3321033210332,"01001111111111",241,440,472,11520
"Cheseapeake Bay","marine",FALSE,86.1545138888889,86.3321033210332,"01001111111111",240,443,478,11520
"Cheseapeake Bay","marine",FALSE,85.4526958290946,86.3247232472325,"00001111111111",180,280,372,983
"Cheseapeake Bay","marine",FALSE,85.3509664292981,86.3247232472325,"00001111111111",176,268,361,983
"Cheseapeake Bay","marine",FALSE,87.5,86.3247232472325,"00001111111111",192,324,402,1960
"Cheseapeake Bay","marine",FALSE,87.0408163265306,86.3247232472325,"00001111111111",182,327,403,1960
"Cheseapeake Bay","marine",FALSE,86.3356428021555,86.3321033210332,"01001111111111",242,449,480,12990
"Cheseapeake Bay","marine",FALSE,86.35103926097,86.3321033210332,"01001111111111",242,447,481,12990
"Cheseapeake Bay","marine",FALSE,86.7429473268889,86.3247232472325,"00001111111111",216,378,434,5069
"Cheseapeake Bay","marine",FALSE,86.5653975143026,86.3321033210332,"01001111111111",213,381,438,5069
"Cheseapeake Bay","marine",FALSE,86.757892468484,86.3247232472325,"00001111111111",237,425,467,9281
"Cheseapeake Bay","marine",FALSE,86.2299321193837,86.3321033210332,"01001111111111",233,412,455,9281
"Cheseapeake Bay","marine",FALSE,86.1444734551784,86.3321033210332,"01001111111111",223,390,452,5745
"Cheseapeake Bay","marine",FALSE,85.8137510879025,86.3247232472325,"00001111111111",221,388,442,5745
"Cheseapeake Bay","marine",FALSE,86.3518263793367,86.3321033210332,"01001111111111",242,447,481,13086
"Cheseapeake Bay","marine",FALSE,86.3900351520709,86.3321033210332,"01001111111111",242,451,482,13086
"Cheseapeake Bay","marine",FALSE,85.9451862262825,86.3247232472325,"00001111111111",191,345,414,2846
"Cheseapeake Bay","marine",FALSE,86.718200983837,86.3247232472325,"00001111111111",194,347,409,2846
"Cheseapeake Bay","marine",FALSE,86.580402796619,86.3321033210332,"01001111111111",238,425,470,9583
"Cheseapeake Bay","marine",FALSE,86.5699676510487,86.3247232472325,"00001111111111",238,421,464,9583
"Cheseapeake Bay","marine",FALSE,86.3584734211722,86.3321033210332,"01001111111111",235,418,462,8804
"Cheseapeake Bay","marine",FALSE,86.4606996819628,86.3321033210332,"01001111111111",234,421,467,8804
"Cheseapeake Bay","marine",FALSE,86.6558616963803,86.3247232472325,"00001111111111",188,319,407,1851
"Cheseapeake Bay","marine",FALSE,86.0615883306321,86.3247232472325,"00001111111111",186,327,406,1851
"Eastern Weddell Sea Shelf","marine",TRUE,85.5791962174941,85.5791962174941,"00101011111111",159,357,376,5922
"Eastern Weddell Sea Shelf","marine",FALSE,85.5322537828511,85.5791962174941,"00101011111111",158,342,364,3767
"Eastern Weddell Sea Shelf","marine",FALSE,85.9039023095301,85.5623100303951,"00001011111111",157,340,364,3767
"Eastern Weddell Sea Shelf","marine",FALSE,84.5213849287169,85.5623100303951,"00001011111111",119,224,265,491
"Eastern Weddell Sea Shelf","marine",FALSE,84.928716904277,85.5623100303951,"00001001111111",127,215,257,491
"Eastern Weddell Sea Shelf","marine",FALSE,86.3672814755413,85.5623100303951,"00001011111111",142,284,320,1247
"Eastern Weddell Sea Shelf","marine",FALSE,85.8059342421812,85.5623100303951,"00001011111111",151,287,320,1247
"Eastern Weddell Sea Shelf","marine",FALSE,84.8192229957332,85.5623100303951,"00001011111111",159,345,367,4453
"Eastern Weddell Sea Shelf","marine",FALSE,85.2009880979115,85.5791962174941,"00101011111111",159,345,369,4453
"Eastern Weddell Sea Shelf","marine",FALSE,85.870212343719,85.5791962174941,"00101011111111",159,350,371,5039
"Eastern Weddell Sea Shelf","marine",FALSE,85.2550109148641,85.5623100303951,"00001011111111",158,355,374,5039
"Eastern Weddell Sea Shelf","marine",FALSE,84.5528455284553,85.5623100303951,"00001001111111",128,210,256,492
"Eastern Weddell Sea Shelf","marine",FALSE,82.9268292682927,85.5623100303951,"00001011111111",129,227,272,492
"Eastern Weddell Sea Shelf","marine",FALSE,84.9884526558891,85.5623100303951,"00001011111111",150,306,339,1732
"Eastern Weddell Sea Shelf","marine",FALSE,85.6235565819861,85.5791962174941,"00101011111111",154,306,338,1732
"Eastern Weddell Sea Shelf","marine",FALSE,82.3529411764706,84.1269841269841,"00000001111011",42,46,86,51
"Eastern Weddell Sea Shelf","marine",FALSE,74.5098039215686,74.805808848362,"00000001011010",36,45,74,51
"Eastern Weddell Sea Shelf","marine",FALSE,87.3563218390805,85.5623100303951,"00001011111111",140,264,300,957
"Eastern Weddell Sea Shelf","marine",FALSE,84.5350052246604,85.5791962174941,"00101001111111",149,274,310,957
"Eastern Weddell Sea Shelf","marine",FALSE,85.6383953104964,85.5791962174941,"00101011111111",159,354,375,5459
"Eastern Weddell Sea Shelf","marine",FALSE,85.4735299505404,85.5791962174941,"00101011111111",159,356,376,5459
"Eastern Weddell Sea Shelf","marine",FALSE,85.8900523560209,85.5623100303951,"00001011111111",156,337,362,3820
"Eastern Weddell Sea Shelf","marine",FALSE,85,85.5791962174941,"00101011111111",156,337,360,3820
"Eastern Weddell Sea Shelf","marine",FALSE,85.58256496228,85.5791962174941,"00101011111111",159,348,371,4772
"Eastern Weddell Sea Shelf","marine",FALSE,85.2263202011735,85.5791962174941,"00101011111111",159,350,371,4772
"Eastern Weddell Sea Shelf","marine",FALSE,85.5165595650025,85.5791962174941,"00101011111111",159,345,366,4046
"Eastern Weddell Sea Shelf","marine",FALSE,85.8625803262481,85.5791962174941,"00101011111111",158,345,368,4046
"Eastern Weddell Sea Shelf","marine",FALSE,85.6478405315615,85.5791962174941,"00101011111111",159,343,366,4515
"Eastern Weddell Sea Shelf","marine",FALSE,85.3156146179402,85.5791962174941,"00101011111111",159,348,371,4515
"Eastern Weddell Sea Shelf","marine",FALSE,85.3101736972705,85.5623100303951,"00001011111111",159,345,368,4030
"Eastern Weddell Sea Shelf","marine",FALSE,85.136476426799,85.5791962174941,"00101011111111",159,348,370,4030
"Eastern Weddell Sea Shelf","marine",FALSE,85.3822629969419,85.5623100303951,"00001011111111",157,338,364,3270
"Eastern Weddell Sea Shelf","marine",FALSE,85.565749235474,85.5791962174941,"00101001111111",157,338,361,3270
"Eastern Weddell Sea Shelf","marine",FALSE,85.452347370542,85.5791962174941,"00101011111111",158,349,370,4963
"Eastern Weddell Sea Shelf","marine",FALSE,85.4724964739069,85.5791962174941,"00101011111111",159,355,375,4963
"Eastern Weddell Sea Shelf","marine",FALSE,85.2,85.5623100303951,"00001011111111",150,322,351,2500
"Eastern Weddell Sea Shelf","marine",FALSE,86.04,85.5623100303951,"00001011111111",156,328,354,2500
"Eastern Weddell Sea Shelf","marine",FALSE,85.5345911949686,85.5623100303951,"00001011111111",159,333,357,3498
"Eastern Weddell Sea Shelf","marine",FALSE,85.0200114351058,85.5623100303951,"00001011111111",157,339,363,3498
"Eastern Weddell Sea Shelf","marine",FALSE,86.3540090771558,85.5791962174941,"00101011111111",157,327,355,3305
"Eastern Weddell Sea Shelf","marine",FALSE,86.2027231467473,85.5791962174941,"00101011111111",157,330,358,3305
"Arctic Shelf Area","marine",TRUE,75.3532182103611,75.3532182103611,"00000111111111",51,172,186,637
"Arctic Shelf Area","marine",FALSE,75.0656167979003,75.3532182103611,"00000111111111",49,140,154,381
"Arctic Shelf Area","marine",FALSE,76.6404199475066,75.3532182103611,"00000111111111",48,137,151,381
"Arctic Shelf Area","marine",FALSE,77.5252525252525,75.3532182103611,"00000111111111",49,149,164,396
"Arctic Shelf Area","marine",FALSE,76.010101010101,75.3532182103611,"00000111111111",47,152,167,396
"Arctic Shelf Area","marine",FALSE,77.1428571428571,75.3532182103611,"00000111111111",47,142,156,350
"Arctic Shelf Area","marine",FALSE,75.7142857142857,75.3532182103611,"00000111111111",49,135,150,350
"Arctic Shelf Area","marine",FALSE,75.1724137931034,75.3532182103611,"00000111111111",47,126,144,290
"Arctic Shelf Area","marine",FALSE,77.5862068965517,75.0392464678179,"00000011111111",44,129,143,290
"Arctic Shelf Area","marine",FALSE,75,75.3532182103611,"00000111111111",51,171,185,604
"Arctic Shelf Area","marine",FALSE,75,75.3532182103611,"00000111111111",51,170,185,604
"Arctic Shelf Area","marine",FALSE,75.5395683453237,75.3532182103611,"00000111111111",41,78,100,139
"Arctic Shelf Area","marine",FALSE,74.1007194244604,75.3532182103611,"00000111111111",36,87,101,139
"Arctic Shelf Area","marine",FALSE,75.4464285714286,75.0392464678179,"00000011111111",44,108,124,224
"Arctic Shelf Area","marine",FALSE,76.3392857142857,75.3532182103611,"00000111111111",42,122,139,224
"Arctic Shelf Area","marine",FALSE,77.2307692307692,75.3532182103611,"00000111111111",47,129,143,325
"Arctic Shelf Area","marine",FALSE,77.8461538461538,75.3532182103611,"00000111111111",46,135,151,325
"Arctic Shelf Area","marine",FALSE,74.7572815533981,75.0392464678179,"00000011111111",36,68,91,103
"Arctic Shelf Area","marine",FALSE,71.8446601941748,75.0392464678179,"00000011111111",37,66,84,103
"Arctic Shelf Area","marine",FALSE,73.8916256157635,75.3532182103611,"00000111111111",47,148,162,406
"Arctic Shelf Area","marine",FALSE,76.3546798029557,75.3532182103611,"00000111111111",45,152,164,406
"Arctic Shelf Area","marine",FALSE,84.1269841269841,75.0392464678179,"00000011111111",29,49,69,63
"Arctic Shelf Area","marine",FALSE,79.3650793650794,75.0392464678179,"00000011111111",29,47,70,63
"Arctic Shelf Area","marine",FALSE,75.6696428571429,75.3532182103611,"00000111111111",49,150,164,448
"Arctic Shelf Area","marine",FALSE,73.6607142857143,75.3532182103611,"00000111111111",49,147,161,448
"Arctic Shelf Area","marine",FALSE,75.6944444444444,75.3532182103611,"00000111111111",49,152,167,432
"Arctic Shelf Area","marine",FALSE,73.8425925925926,75.3532182103611,"00000111111111",48,153,168,432
"Arctic Shelf Area","marine",FALSE,78.7878787878788,75.3532182103611,"00000111111111",36,70,92,99
"Arctic Shelf Area","marine",FALSE,69.6969696969697,75.0392464678179,"00000101111111",32,63,83,99
"Arctic Shelf Area","marine",FALSE,76.4705882352941,75.3532182103611,"00000111111111",50,164,179,544
"Arctic Shelf Area","marine",FALSE,75.7352941176471,75.3532182103611,"00000111111111",50,164,178,544
"Arctic Shelf Area","marine",FALSE,73.2142857142857,75.0392464678179,"00000101111111",25,48,63,56
"Arctic Shelf Area","marine",FALSE,87.5,67.9748822605965,"00000011011110",27,45,65,56
"Arctic Shelf Area","marine",FALSE,76.2237762237762,75.3532182103611,"00000111111111",41,91,113,143
"Arctic Shelf Area","marine",FALSE,73.4265734265734,75.0392464678179,"00000011111111",39,82,102,143
"Arctic Shelf Area","marine",FALSE,77.8656126482213,75.3532182103611,"00000111111111",43,122,137,253
"Arctic Shelf Area","marine",FALSE,75.098814229249,75.3532182103611,"00000111111111",46,127,144,253
"Arctic Shelf Area","marine",FALSE,74.5945945945946,75.0392464678179,"00000011111111",43,97,115,185
"Arctic Shelf Area","marine",FALSE,74.054054054054,75.3532182103611,"00000111111111",41,105,126,185
"Arctic Shelf Area","marine",FALSE,79.9043062200957,75.3532182103611,"00000111111111",46,117,133,209
"Arctic Shelf Area","marine",FALSE,75.5980861244019,75.3532182103611,"00000111111111",45,115,133,209
"Lough Hyne","marine",TRUE,76.9230769230769,76.9230769230769,"00000011111111",116,283,293,3133
"Lough Hyne","marine",FALSE,76.4420485175202,76.9230769230769,"00000011111111",112,254,279,1855
"Lough Hyne","marine",FALSE,76.4420485175202,76.9230769230769,"00000011111111",111,257,276,1855
"Lough Hyne","marine",FALSE,74.0286298568507,76.9230769230769,"00000011111111",95,179,224,489
"Lough Hyne","marine",FALSE,70.961145194274,76.9230769230769,"00000011111111",94,178,225,489
"Lough Hyne","marine",FALSE,77.15,76.9230769230769,"00000011111111",114,260,281,2000
"Lough Hyne","marine",FALSE,78.25,76.9230769230769,"00000011111111",111,264,282,2000
"Lough Hyne","marine",FALSE,77.6437847866419,76.9230769230769,"00000011111111",107,232,266,1078
"Lough Hyne","marine",FALSE,75.5102040816327,76.9230769230769,"00000011111111",106,240,269,1078
"Lough Hyne","marine",FALSE,77.6155717761557,76.9230769230769,"00000011111111",106,223,258,822
"Lough Hyne","marine",FALSE,77.4939172749392,76.9230769230769,"00000011111111",102,222,250,822
"Lough Hyne","marine",FALSE,77.2426249247441,76.9230769230769,"00000011111111",114,258,279,1661
"Lough Hyne","marine",FALSE,77.001806140879,76.9230769230769,"00000011111111",112,256,274,1661
"Lough Hyne","marine",FALSE,78.6694825765576,76.9230769230769,"00000011111111",109,225,260,947
"Lough Hyne","marine",FALSE,76.4519535374868,76.9230769230769,"00000011111111",103,230,263,947
"Lough Hyne","marine",FALSE,77.0679770679771,76.9230769230769,"00000011111111",106,228,263,1221
"Lough Hyne","marine",FALSE,76.9041769041769,76.9230769230769,"00000011111111",109,251,274,1221
"Lough Hyne","marine",FALSE,77.0974155069583,76.9230769230769,"00000011111111",114,273,290,2515
"Lough Hyne","marine",FALSE,77.0974155069583,76.9230769230769,"00000011111111",115,274,289,2515
"Lough Hyne","marine",FALSE,76.7405063291139,76.9230769230769,"00000011111111",110,273,286,2528
"Lough Hyne","marine",FALSE,76.5427215189873,76.9230769230769,"00000011111111",114,277,288,2528
"Lough Hyne","marine",FALSE,77.332170880558,76.9230769230769,"00000011111111",105,241,266,1147
"Lough Hyne","marine",FALSE,77.5937227550131,76.9230769230769,"00000011111111",111,232,266,1147
"Lough Hyne","marine",FALSE,76.5748031496063,76.9230769230769,"00000011111111",110,248,272,1524
"Lough Hyne","marine",FALSE,77.1653543307087,76.9230769230769,"00000011111111",110,248,278,1524
"Lough Hyne","marine",FALSE,76.2157382847038,76.9230769230769,"00000011111111",106,226,260,1131
"Lough Hyne","marine",FALSE,77.5419982316534,76.9230769230769,"00000011111111",112,243,265,1131
"Lough Hyne","marine",FALSE,76.8844221105528,76.9230769230769,"00000011111111",104,225,258,995
"Lough Hyne","marine",FALSE,78.7939698492462,76.9230769230769,"00000011111111",109,233,264,995
"Lough Hyne","marine",FALSE,76.555023923445,76.9230769230769,"00000011111111",95,181,222,418
"Lough Hyne","marine",FALSE,78.4688995215311,76.9230769230769,"00000011111111",99,172,229,418
"Lough Hyne","marine",FALSE,80.5970149253731,76.9230769230769,"00000011111111",67,90,142,134
"Lough Hyne","marine",FALSE,74.6268656716418,76.9230769230769,"00000011111111",62,94,148,134
"Lough Hyne","marine",FALSE,77.2529069767442,76.9230769230769,"00000011111111",112,280,289,2752
"Lough Hyne","marine",FALSE,77.0348837209302,76.9230769230769,"00000011111111",114,280,290,2752
"Lough Hyne","marine",FALSE,77.8869778869779,76.9230769230769,"00000011111111",113,263,281,2035
"Lough Hyne","marine",FALSE,77.002457002457,76.9230769230769,"00000011111111",113,260,282,2035
"Lough Hyne","marine",FALSE,77.03052250388,76.9230769230769,"00000011111111",110,263,280,1933
"Lough Hyne","marine",FALSE,77.4961200206932,76.9230769230769,"00000011111111",112,262,281,1933
"Lough Hyne","marine",FALSE,77.1346469622332,76.9230769230769,"00000011111111",113,275,288,2436
"Lough Hyne","marine",FALSE,77.0935960591133,76.9230769230769,"00000011111111",113,276,288,2436
"Ythan Estuary, tidal Estuary of River Ythan, Forvie Nature Reserve","marine",TRUE,86.3117870722433,86.3117870722433,"00000000111111",31,57,70,263
"Ythan Estuary, tidal Estuary of River Ythan, Forvie Nature Reserve","marine",FALSE,85.1190476190476,86.3117870722433,"00000000111111",28,48,65,168
"Ythan Estuary, tidal Estuary of River Ythan, Forvie Nature Reserve","marine",FALSE,84.5238095238095,86.3117870722433,"00000000111111",28,48,63,168
"Ythan Estuary, tidal Estuary of River Ythan, Forvie Nature Reserve","marine",FALSE,84.1584158415842,85.5513307984791,"00000000111110",23,38,53,101
"Ythan Estuary, tidal Estuary of River Ythan, Forvie Nature Reserve","marine",FALSE,87.1287128712871,86.3117870722433,"00000000111111",26,37,54,101
"Ythan Estuary, tidal Estuary of River Ythan, Forvie Nature Reserve","marine",FALSE,85.6435643564356,86.3117870722433,"00000000111111",31,53,67,202
"Ythan Estuary, tidal Estuary of River Ythan, Forvie Nature Reserve","marine",FALSE,85.1485148514851,86.3117870722433,"00000000111111",31,49,65,202
"Ythan Estuary, tidal Estuary of River Ythan, Forvie Nature Reserve","marine",FALSE,85.6287425149701,86.3117870722433,"00000000111111",28,47,63,167
"Ythan Estuary, tidal Estuary of River Ythan, Forvie Nature Reserve","marine",FALSE,82.6347305389222,86.3117870722433,"00000000111111",29,48,65,167
"Ythan Estuary, tidal Estuary of River Ythan, Forvie Nature Reserve","marine",FALSE,82.9787234042553,85.5513307984791,"00000000111110",21,28,41,47
"Ythan Estuary, tidal Estuary of River Ythan, Forvie Nature Reserve","marine",FALSE,93.6170212765958,85.5513307984791,"00000000111110",19,26,40,47
"Ythan Estuary, tidal Estuary of River Ythan, Forvie Nature Reserve","marine",FALSE,85.7843137254902,86.3117870722433,"00000000111111",31,49,64,204
"Ythan Estuary, tidal Estuary of River Ythan, Forvie Nature Reserve","marine",FALSE,85.2941176470588,86.3117870722433,"00000000111111",28,54,67,204
"Ythan Estuary, tidal Estuary of River Ythan, Forvie Nature Reserve","marine",FALSE,86.6666666666667,74.5247148288973,"00000000111000",11,8,18,15
"Ythan Estuary, tidal Estuary of River Ythan, Forvie Nature Reserve","marine",FALSE,66.6666666666667,85.5513307984791,"00000000111110",12,12,24,15
"Ythan Estuary, tidal Estuary of River Ythan, Forvie Nature Reserve","marine",FALSE,84.7457627118644,85.5513307984791,"00000000111110",22,34,49,59
"Ythan Estuary, tidal Estuary of River Ythan, Forvie Nature Reserve","marine",FALSE,84.7457627118644,86.3117870722433,"00000000111111",22,28,46,59
"Ythan Estuary, tidal Estuary of River Ythan, Forvie Nature Reserve","marine",FALSE,83.2,86.3117870722433,"00000000111111",29,44,61,125
"Ythan Estuary, tidal Estuary of River Ythan, Forvie Nature Reserve","marine",FALSE,86.4,86.3117870722433,"00000000111111",27,41,55,125
"Ythan Estuary, tidal Estuary of River Ythan, Forvie Nature Reserve","marine",FALSE,83.4782608695652,86.3117870722433,"00000000111111",27,39,56,115
"Ythan Estuary, tidal Estuary of River Ythan, Forvie Nature Reserve","marine",FALSE,86.0869565217391,85.5513307984791,"00000000111110",28,43,58,115
"Ythan Estuary, tidal Estuary of River Ythan, Forvie Nature Reserve","marine",FALSE,85.7142857142857,86.3117870722433,"00000000111111",23,34,49,70
"Ythan Estuary, tidal Estuary of River Ythan, Forvie Nature Reserve","marine",FALSE,78.5714285714286,85.5513307984791,"00000000111110",26,36,53,70
"Ythan Estuary, tidal Estuary of River Ythan, Forvie Nature Reserve","marine",FALSE,92.8057553956834,86.3117870722433,"00000000111111",30,43,58,139
"Ythan Estuary, tidal Estuary of River Ythan, Forvie Nature Reserve","marine",FALSE,88.4892086330935,86.3117870722433,"00000000111111",28,44,57,139
"Ythan Estuary, tidal Estuary of River Ythan, Forvie Nature Reserve","marine",FALSE,85,85.5513307984791,"00000000111110",27,33,52,80
"Ythan Estuary, tidal Estuary of River Ythan, Forvie Nature Reserve","marine",FALSE,83.75,85.5513307984791,"00000000111110",23,32,49,80
"Ythan Estuary, tidal Estuary of River Ythan, Forvie Nature Reserve","marine",FALSE,87.5,79.0874524714829,"00000000111010",16,17,30,24
"Ythan Estuary, tidal Estuary of River Ythan, Forvie Nature Reserve","marine",FALSE,87.5,79.0874524714829,"00000000111010",16,18,31,24
"Ythan Estuary, tidal Estuary of River Ythan, Forvie Nature Reserve","marine",FALSE,82.0512820512821,85.5513307984791,"00000000111110",16,25,39,39
"Ythan Estuary, tidal Estuary of River Ythan, Forvie Nature Reserve","marine",FALSE,82.0512820512821,85.5513307984791,"00000000111110",19,24,38,39
"Ythan Estuary, tidal Estuary of River Ythan, Forvie Nature Reserve","marine",FALSE,87.8504672897196,86.3117870722433,"00000000111111",31,51,66,214
"Ythan Estuary, tidal Estuary of River Ythan, Forvie Nature Reserve","marine",FALSE,86.4485981308411,86.3117870722433,"00000000111111",31,55,69,214
"Ythan Estuary, tidal Estuary of River Ythan, Forvie Nature Reserve","marine",FALSE,86.6666666666667,85.5513307984791,"00000000111110",28,38,55,90
"Ythan Estuary, tidal Estuary of River Ythan, Forvie Nature Reserve","marine",FALSE,85.5555555555556,86.3117870722433,"00000000111111",29,38,57,90
"Ythan Estuary, tidal Estuary of River Ythan, Forvie Nature Reserve","marine",FALSE,91.1764705882353,85.5513307984791,"00000000111110",26,33,50,68
"Ythan Estuary, tidal Estuary of River Ythan, Forvie Nature Reserve","marine",FALSE,80.8823529411765,85.5513307984791,"00000000111110",23,34,52,68
"Ythan Estuary, tidal Estuary of River Ythan, Forvie Nature Reserve","marine",FALSE,84.7457627118644,86.3117870722433,"00000000111111",30,56,69,236
"Ythan Estuary, tidal Estuary of River Ythan, Forvie Nature Reserve","marine",FALSE,86.0169491525424,86.3117870722433,"00000000111111",31,55,68,236
"Ythan Estuary, tidal Estuary of River Ythan, Forvie Nature Reserve","marine",FALSE,86.4754098360656,86.3117870722433,"00000000111111",31,54,67,244
"Ythan Estuary, tidal Estuary of River Ythan, Forvie Nature Reserve","marine",FALSE,86.4754098360656,86.3117870722433,"00000000111111",30,56,69,244
"Puerto Rico-Virgin Islands (PRVI) shelf complex","marine",TRUE,96.0210457086485,96.0210457086485,"00000000011111",207,242,243,3041
"Puerto Rico-Virgin Islands (PRVI) shelf complex","marine",FALSE,95.8382877526754,96.0210457086485,"00000000011111",188,235,240,1682
"Puerto Rico-Virgin Islands (PRVI) shelf complex","marine",FALSE,95.9571938168847,96.0210457086485,"00000000011111",191,235,242,1682
"Puerto Rico-Virgin Islands (PRVI) shelf complex","marine",FALSE,96.4824120603015,96.0210457086485,"00000000011111",171,224,239,995
"Puerto Rico-Virgin Islands (PRVI) shelf complex","marine",FALSE,96.4824120603015,96.0210457086485,"00000000011111",164,220,241,995
"Puerto Rico-Virgin Islands (PRVI) shelf complex","marine",FALSE,95.2229299363057,95.8895100295955,"00000000011011",104,144,193,314
"Puerto Rico-Virgin Islands (PRVI) shelf complex","marine",FALSE,96.4968152866242,95.8895100295955,"00000000011011",104,138,189,314
"Puerto Rico-Virgin Islands (PRVI) shelf complex","marine",FALSE,95.9521094640821,96.0210457086485,"00000000011111",191,237,242,1754
"Puerto Rico-Virgin Islands (PRVI) shelf complex","marine",FALSE,95.7810718358039,96.0210457086485,"00000000011111",192,234,241,1754
"Puerto Rico-Virgin Islands (PRVI) shelf complex","marine",FALSE,95.8623214939583,96.0210457086485,"00000000011111",203,241,243,2731
"Puerto Rico-Virgin Islands (PRVI) shelf complex","marine",FALSE,96.0087879897473,96.0210457086485,"00000000011111",204,241,243,2731
"Puerto Rico-Virgin Islands (PRVI) shelf complex","marine",FALSE,96.0846560846561,96.0210457086485,"00000000011111",203,241,243,2835
"Puerto Rico-Virgin Islands (PRVI) shelf complex","marine",FALSE,95.9435626102293,96.0210457086485,"00000000011111",206,242,243,2835
"Puerto Rico-Virgin Islands (PRVI) shelf complex","marine",FALSE,95.8863858961802,95.8895100295955,"00000000011011",173,211,234,1021
"Puerto Rico-Virgin Islands (PRVI) shelf complex","marine",FALSE,95.1028403525955,96.0210457086485,"00000000011111",175,222,238,1021
"Puerto Rico-Virgin Islands (PRVI) shelf complex","marine",FALSE,96.6373098478783,96.0210457086485,"00000000011111",173,230,240,1249
"Puerto Rico-Virgin Islands (PRVI) shelf complex","marine",FALSE,95.8366693354684,96.0210457086485,"00000000011111",181,226,238,1249
"Puerto Rico-Virgin Islands (PRVI) shelf complex","marine",FALSE,95.335085413929,96.0210457086485,"00000000011111",178,235,240,1522
"Puerto Rico-Virgin Islands (PRVI) shelf complex","marine",FALSE,96.1235216819974,96.0210457086485,"00000000011111",189,236,241,1522
"Puerto Rico-Virgin Islands (PRVI) shelf complex","marine",FALSE,95.997166135317,96.0210457086485,"00000000011111",205,242,243,2823
"Puerto Rico-Virgin Islands (PRVI) shelf complex","marine",FALSE,96.0680127523911,96.0210457086485,"00000000011111",204,242,243,2823
"Puerto Rico-Virgin Islands (PRVI) shelf complex","marine",FALSE,96.0445682451253,96.0210457086485,"00000000011111",188,238,241,1795
"Puerto Rico-Virgin Islands (PRVI) shelf complex","marine",FALSE,96.100278551532,96.0210457086485,"00000000011111",192,236,240,1795
"Puerto Rico-Virgin Islands (PRVI) shelf complex","marine",FALSE,95.778364116095,96.0210457086485,"00000000011111",182,234,241,1516
"Puerto Rico-Virgin Islands (PRVI) shelf complex","marine",FALSE,96.1741424802111,96.0210457086485,"00000000011111",181,231,240,1516
"Puerto Rico-Virgin Islands (PRVI) shelf complex","marine",FALSE,96.2570180910792,96.0210457086485,"00000000011111",192,236,242,1603
"Puerto Rico-Virgin Islands (PRVI) shelf complex","marine",FALSE,95.9451029320025,96.0210457086485,"00000000011111",188,234,241,1603
"Puerto Rico-Virgin Islands (PRVI) shelf complex","marine",FALSE,95.3703703703704,96.0210457086485,"00000000011111",143,193,221,540
"Puerto Rico-Virgin Islands (PRVI) shelf complex","marine",FALSE,96.2962962962963,95.8895100295955,"00000000011011",147,182,224,540
"Puerto Rico-Virgin Islands (PRVI) shelf complex","marine",FALSE,96.3004484304933,96.0210457086485,"00000000011111",203,242,243,2676
"Puerto Rico-Virgin Islands (PRVI) shelf complex","marine",FALSE,95.8520179372197,96.0210457086485,"00000000011111",204,242,243,2676
"Puerto Rico-Virgin Islands (PRVI) shelf complex","marine",FALSE,96.1347869177403,96.0210457086485,"00000000011111",158,223,240,1009
"Puerto Rico-Virgin Islands (PRVI) shelf complex","marine",FALSE,95.9365708622398,96.0210457086485,"00000000011111",161,217,239,1009
"Puerto Rico-Virgin Islands (PRVI) shelf complex","marine",FALSE,96.7860422405877,96.0210457086485,"00000000011111",169,226,240,1089
"Puerto Rico-Virgin Islands (PRVI) shelf complex","marine",FALSE,95.0413223140496,96.0210457086485,"00000000011111",167,223,238,1089
"Puerto Rico-Virgin Islands (PRVI) shelf complex","marine",FALSE,96.2102689486553,96.0210457086485,"00000000011111",161,203,231,818
"Puerto Rico-Virgin Islands (PRVI) shelf complex","marine",FALSE,96.2102689486553,96.0210457086485,"00000000011111",158,209,234,818
"Puerto Rico-Virgin Islands (PRVI) shelf complex","marine",FALSE,96.0836909871245,96.0210457086485,"00000000011111",195,240,243,1864
"Puerto Rico-Virgin Islands (PRVI) shelf complex","marine",FALSE,96.2982832618026,96.0210457086485,"00000000011111",185,240,243,1864
"Puerto Rico-Virgin Islands (PRVI) shelf complex","marine",FALSE,96.7285587975243,96.0210457086485,"00000000011111",170,225,240,1131
"Puerto Rico-Virgin Islands (PRVI) shelf complex","marine",FALSE,96.7285587975243,96.0210457086485,"00000000011111",171,221,238,1131
"Adirondack lakes","lakes",TRUE,83.4063148190827,83.4063148190827,"00001111111010",33,101,102,4339
"Adirondack lakes","lakes",FALSE,83.182784272051,83.4063148190827,"00001111111010",33,101,102,3764
"Adirondack lakes","lakes",FALSE,83.3687566418703,83.4063148190827,"00001111111010",33,101,102,3764
"Adirondack lakes","lakes",FALSE,82.4767498776309,83.4063148190827,"00001111111010",33,98,100,2043
"Adirondack lakes","lakes",FALSE,83.7004405286344,83.4063148190827,"00001111111010",33,99,102,2043
"Adirondack lakes","lakes",FALSE,82.6309067688378,83.4063148190827,"00001111111010",33,83,91,783
"Adirondack lakes","lakes",FALSE,84.8020434227331,83.4063148190827,"00001111111010",33,92,96,783
"Adirondack lakes","lakes",FALSE,83.779399837794,83.4063148190827,"00001111111010",33,94,100,1233
"Adirondack lakes","lakes",FALSE,84.7526358475264,83.4063148190827,"00001111111010",33,91,97,1233
"Adirondack lakes","lakes",FALSE,83.417986256349,83.4063148190827,"00001111111010",33,101,102,3347
"Adirondack lakes","lakes",FALSE,83.567373767553,83.4063148190827,"00001111111010",33,100,102,3347
"Adirondack lakes","lakes",FALSE,83.0628503983476,83.4063148190827,"00001111111010",33,101,102,3389
"Adirondack lakes","lakes",FALSE,83.5939805252287,83.4063148190827,"00001111111010",33,101,102,3389
"Adirondack lakes","lakes",FALSE,82.542113323124,83.4063148190827,"00001111111010",33,82,92,653
"Adirondack lakes","lakes",FALSE,83.4609494640122,83.4063148190827,"00001111111010",33,84,91,653
"Adirondack lakes","lakes",FALSE,83.3199679230152,83.4063148190827,"00001111111010",33,95,97,1247
"Adirondack lakes","lakes",FALSE,82.9190056134723,83.4063148190827,"00001111111010",33,94,97,1247
"Adirondack lakes","lakes",FALSE,83.3603457590492,83.4063148190827,"00001111111010",33,101,102,3702
"Adirondack lakes","lakes",FALSE,83.1442463533225,83.4063148190827,"00001111111010",33,101,102,3702
"Adirondack lakes","lakes",FALSE,82.9659318637274,83.4063148190827,"00001111111010",33,100,101,1996
"Adirondack lakes","lakes",FALSE,83.2665330661323,83.4063148190827,"00001111111010",33,97,100,1996
"Adirondack lakes","lakes",FALSE,84.5841784989858,83.4063148190827,"00001111111010",31,79,87,493
"Adirondack lakes","lakes",FALSE,81.947261663286,83.4063148190827,"00001111111010",32,75,85,493
"Adirondack lakes","lakes",FALSE,83.7503861600247,83.4063148190827,"00001111111010",33,101,102,3237
"Adirondack lakes","lakes",FALSE,83.5650293481619,83.4063148190827,"00001111111010",33,101,102,3237
"Adirondack lakes","lakes",FALSE,83.4564643799472,83.4063148190827,"00001111111010",33,101,102,3790
"Adirondack lakes","lakes",FALSE,83.0606860158311,83.4063148190827,"00001111111010",33,100,101,3790
"Adirondack lakes","lakes",FALSE,85.1437699680511,83.4063148190827,"00001111111010",33,97,100,1878
"Adirondack lakes","lakes",FALSE,84.6645367412141,83.4063148190827,"00001111111010",33,100,102,1878
"Adirondack lakes","lakes",FALSE,81.8791946308725,83.4063148190827,"00001111111010",30,62,77,298
"Adirondack lakes","lakes",FALSE,85.2348993288591,83.4063148190827,"00001111111010",30,65,81,298
"Adirondack lakes","lakes",FALSE,83.4894036471168,83.4063148190827,"00001111111010",33,101,102,4058
"Adirondack lakes","lakes",FALSE,83.3169048792509,83.4063148190827,"00001111111010",33,101,102,4058
"Adirondack lakes","lakes",FALSE,83.3849329205366,83.4063148190827,"00001111111010",33,101,102,3876
"Adirondack lakes","lakes",FALSE,83.3333333333333,83.4063148190827,"00001111111010",33,101,102,3876
"Adirondack lakes","lakes",FALSE,83.8040865384615,83.4063148190827,"00001111111010",33,101,102,3328
"Adirondack lakes","lakes",FALSE,83.5336538461538,83.4063148190827,"00001111111010",33,99,102,3328
"Adirondack lakes","lakes",FALSE,83.3555971146139,83.4063148190827,"00001111111010",33,101,102,3743
"Adirondack lakes","lakes",FALSE,83.4090301896874,83.4063148190827,"00001111111010",33,101,102,3743
"Adirondack lakes","lakes",FALSE,83.2669322709163,83.4063148190827,"00001111111010",33,101,102,4016
"Adirondack lakes","lakes",FALSE,83.5906374501992,83.4063148190827,"00001111111010",33,101,102,4016
"Tuesday Lake","lakes",TRUE,100,100,"00001111101010",10,32,32,179
"Tuesday Lake","lakes",FALSE,100,79.8882681564246,"00000110000000",3,3,6,3
"Tuesday Lake","lakes",FALSE,100,96.6480446927374,"00000110100000",3,3,6,3
"Tuesday Lake","lakes",FALSE,100,100,"00001111101010",9,31,32,103
"Tuesday Lake","lakes",FALSE,100,99.4413407821229,"00001111101000",10,30,32,103
"Tuesday Lake","lakes",FALSE,100,100,"00001111101010",10,32,32,178
"Tuesday Lake","lakes",FALSE,100,100,"00001111101010",10,32,32,178
"Tuesday Lake","lakes",FALSE,100,98.3240223463687,"00001111100010",9,26,30,58
"Tuesday Lake","lakes",FALSE,100,96.6480446927374,"00001110100000",9,25,28,58
"Tuesday Lake","lakes",FALSE,100,98.3240223463687,"00001110101000",10,27,30,76
"Tuesday Lake","lakes",FALSE,100,99.4413407821229,"00001111101000",10,28,29,76
"Tuesday Lake","lakes",FALSE,100,99.4413407821229,"00001111101000",7,25,27,48
"Tuesday Lake","lakes",FALSE,100,96.6480446927374,"00001110100000",7,24,28,48
"Tuesday Lake","lakes",FALSE,100,100,"00001111101010",10,31,32,151
"Tuesday Lake","lakes",FALSE,100,100,"00001111101010",10,30,32,151
"Tuesday Lake","lakes",FALSE,100,100,"00001111101010",10,31,32,158
"Tuesday Lake","lakes",FALSE,100,99.4413407821229,"00001111101000",10,31,32,158
"Tuesday Lake","lakes",FALSE,100,97.2067039106145,"00001110100010",10,22,27,39
"Tuesday Lake","lakes",FALSE,100,100,"00001111101010",9,23,26,39
"Tuesday Lake","lakes",FALSE,100,100,"00001111101010",10,31,32,166
"Tuesday Lake","lakes",FALSE,100,99.4413407821229,"00001111101000",10,31,32,166
"Tuesday Lake","lakes",FALSE,100,98.8826815642458,"00001110101010",9,24,26,47
"Tuesday Lake","lakes",FALSE,100,96.6480446927374,"00001110100000",9,23,28,47
"Tuesday Lake","lakes",FALSE,100,97.7653631284916,"00001111100000",8,18,21,28
"Tuesday Lake","lakes",FALSE,100,98.3240223463687,"00001110101000",8,19,20,28
"Tuesday Lake","lakes",FALSE,100,99.4413407821229,"00001111101000",10,30,32,119
"Tuesday Lake","lakes",FALSE,100,98.8826815642458,"00001110101010",10,31,32,119
"Tuesday Lake","lakes",FALSE,100,99.4413407821229,"00001111101000",8,30,30,108
"Tuesday Lake","lakes",FALSE,100,98.8826815642458,"00001110101010",10,31,32,108
"Tuesday Lake","lakes",FALSE,100,100,"00001111101010",10,31,32,134
"Tuesday Lake","lakes",FALSE,100,100,"00001111101010",10,31,32,134
"Tuesday Lake","lakes",FALSE,100,99.4413407821229,"00001111101000",10,29,32,114
"Tuesday Lake","lakes",FALSE,100,100,"00001111101010",10,31,32,114
"Tuesday Lake","lakes",FALSE,100,100,"00001111101010",10,30,32,118
"Tuesday Lake","lakes",FALSE,100,99.4413407821229,"00001111101000",10,29,32,118
"Tuesday Lake","lakes",FALSE,100,100,"00001111101010",10,30,31,110
"Tuesday Lake","lakes",FALSE,100,99.4413407821229,"00001111101000",10,29,32,110
"Tuesday Lake","lakes",FALSE,100,99.4413407821229,"00001111101000",7,19,21,41
"Tuesday Lake","lakes",FALSE,100,99.4413407821229,"00001111101000",8,21,23,41
"Tuesday Lake","lakes",FALSE,100,96.6480446927374,"00000110100000",5,9,12,10
"Tuesday Lake","lakes",FALSE,100,96.6480446927374,"00000110100000",7,8,12,10
"Skipwith Pond","lakes",TRUE,99.4594594594595,99.4594594594595,"00000011111000",10,31,32,185
"Skipwith Pond","lakes",FALSE,100,99.4594594594595,"00000011111000",10,28,30,85
"Skipwith Pond","lakes",FALSE,100,99.4594594594595,"00000011111000",10,30,31,85
"Skipwith Pond","lakes",FALSE,100,99.4594594594595,"00000011111000",10,29,30,112
"Skipwith Pond","lakes",FALSE,99.1071428571429,99.4594594594595,"00000011111000",10,31,32,112
"Skipwith Pond","lakes",FALSE,100,76.2162162162162,"00000000110000",4,5,8,5
"Skipwith Pond","lakes",FALSE,100,75.1351351351351,"00000000010000",4,5,8,5
"Skipwith Pond","lakes",FALSE,99.3865030674847,99.4594594594595,"00000011111000",10,31,32,163
"Skipwith Pond","lakes",FALSE,99.3865030674847,99.4594594594595,"00000011111000",10,30,31,163
"Skipwith Pond","lakes",FALSE,100,95.1351351351351,"00000000011000",2,2,3,2
"Skipwith Pond","lakes",FALSE,100,76.2162162162162,"00000000110000",2,2,4,2
"Skipwith Pond","lakes",FALSE,99.390243902439,99.4594594594595,"00000011111000",10,31,32,164
"Skipwith Pond","lakes",FALSE,99.390243902439,99.4594594594595,"00000011111000",10,31,32,164
"Skipwith Pond","lakes",FALSE,100,99.4594594594595,"00000001111000",10,20,25,43
"Skipwith Pond","lakes",FALSE,97.6744186046512,99.4594594594595,"00000001111000",10,21,25,43
"Skipwith Pond","lakes",FALSE,99.2592592592593,99.4594594594595,"00000011111000",10,30,32,135
"Skipwith Pond","lakes",FALSE,100,99.4594594594595,"00000001111000",10,31,32,135
"Skipwith Pond","lakes",FALSE,100,96.2162162162162,"00000000111000",7,7,12,8
"Skipwith Pond","lakes",FALSE,100,95.6756756756757,"00000010011000",7,8,14,8
"Skipwith Pond","lakes",FALSE,100,98.3783783783784,"00000011011000",10,27,30,46
"Skipwith Pond","lakes",FALSE,100,99.4594594594595,"00000001111000",10,21,25,46
"Skipwith Pond","lakes",FALSE,100,99.4594594594595,"00000001111000",10,24,27,52
"Skipwith Pond","lakes",FALSE,100,99.4594594594595,"00000011111000",10,26,28,52
"Skipwith Pond","lakes",FALSE,99.1525423728814,99.4594594594595,"00000011111000",10,29,30,118
"Skipwith Pond","lakes",FALSE,99.1525423728814,99.4594594594595,"00000011111000",10,30,32,118
"Skipwith Pond","lakes",FALSE,100,98.3783783783784,"00000001011000",10,21,25,44
"Skipwith Pond","lakes",FALSE,100,99.4594594594595,"00000011111000",10,22,26,44
"Skipwith Pond","lakes",FALSE,100,95.1351351351351,"00000000011000",5,10,15,12
"Skipwith Pond","lakes",FALSE,100,98.3783783783784,"00000001011000",8,10,16,12
"Skipwith Pond","lakes",FALSE,99.1304347826087,99.4594594594595,"00000011111000",10,29,31,115
"Skipwith Pond","lakes",FALSE,99.1304347826087,99.4594594594595,"00000001111000",10,28,29,115
"Skipwith Pond","lakes",FALSE,100,99.4594594594595,"00000011111000",9,29,31,101
"Skipwith Pond","lakes",FALSE,100,99.4594594594595,"00000011111000",10,29,31,101
"Skipwith Pond","lakes",FALSE,99.0476190476191,99.4594594594595,"00000011111000",10,30,32,105
"Skipwith Pond","lakes",FALSE,99.0476190476191,99.4594594594595,"00000001111000",10,29,30,105
"Skipwith Pond","lakes",FALSE,99.3464052287582,99.4594594594595,"00000011111000",10,31,32,153
"Skipwith Pond","lakes",FALSE,99.3464052287582,99.4594594594595,"00000011111000",10,31,32,153
"Skipwith Pond","lakes",FALSE,100,99.4594594594595,"00000011111000",10,30,31,107
"Skipwith Pond","lakes",FALSE,99.0654205607477,99.4594594594595,"00000011111000",10,29,30,107
"Skipwith Pond","lakes",FALSE,99.3288590604027,99.4594594594595,"00000011111000",10,30,31,149
"Skipwith Pond","lakes",FALSE,99.3288590604027,99.4594594594595,"00000011111000",10,31,32,149
"Lochnagar","lakes",TRUE,100,100,"00000000111000",2,14,15,18
"Lochnagar","lakes",FALSE,100,38.8888888888889,"00000000100000",1,1,2,1
"Lochnagar","lakes",FALSE,100,55.5555555555556,"00000000010000",1,1,2,1
"Lochnagar","lakes",FALSE,100,88.8888888888889,"00000000110000",2,2,4,2
"Lochnagar","lakes",FALSE,100,38.8888888888889,"00000000100000",1,2,3,2
"Lochnagar","lakes",FALSE,100,66.6666666666667,"00000000011000",1,3,4,3
"Lochnagar","lakes",FALSE,100,88.8888888888889,"00000000110000",1,3,4,3
"Lochnagar","lakes",FALSE,100,100,"00000000111000",2,4,6,4
"Lochnagar","lakes",FALSE,100,88.8888888888889,"00000000110000",2,4,6,4
"Lochnagar","lakes",FALSE,100,88.8888888888889,"00000000110000",2,5,7,5
"Lochnagar","lakes",FALSE,100,88.8888888888889,"00000000110000",2,5,7,5
"Lochnagar","lakes",FALSE,100,88.8888888888889,"00000000110000",2,6,8,6
"Lochnagar","lakes",FALSE,100,88.8888888888889,"00000000110000",2,5,7,6
"Lochnagar","lakes",FALSE,100,100,"00000000111000",2,7,8,7
"Lochnagar","lakes",FALSE,100,100,"00000000111000",2,7,8,7
"Lochnagar","lakes",FALSE,100,100,"00000000111000",2,7,8,8
"Lochnagar","lakes",FALSE,100,100,"00000000111000",2,7,8,8
"Lochnagar","lakes",FALSE,100,100,"00000000111000",2,8,10,9
"Lochnagar","lakes",FALSE,100,100,"00000000111000",2,8,9,9
"Lochnagar","lakes",FALSE,100,100,"00000000111000",2,10,11,10
"Lochnagar","lakes",FALSE,100,100,"00000000111000",2,9,10,10
"Lochnagar","lakes",FALSE,100,100,"00000000111000",2,10,12,11
"Lochnagar","lakes",FALSE,100,100,"00000000111000",2,10,11,11
"Lochnagar","lakes",FALSE,100,100,"00000000111000",2,11,13,12
"Lochnagar","lakes",FALSE,100,100,"00000000111000",2,11,12,12
"Lochnagar","lakes",FALSE,100,100,"00000000111000",2,12,13,13
"Lochnagar","lakes",FALSE,100,100,"00000000111000",2,11,13,13
"Lochnagar","lakes",FALSE,100,100,"00000000111000",2,13,14,14
"Lochnagar","lakes",FALSE,100,100,"00000000111000",2,13,14,14
"Lochnagar","lakes",FALSE,100,100,"00000000111000",2,12,14,15
"Lochnagar","lakes",FALSE,100,100,"00000000111000",2,13,14,15
"Lochnagar","lakes",FALSE,100,100,"00000000111000",2,14,15,16
"Lochnagar","lakes",FALSE,100,100,"00000000111000",2,13,14,16
"Lochnagar","lakes",FALSE,100,100,"00000000111000",2,13,14,17
"Lochnagar","lakes",FALSE,100,100,"00000000111000",2,13,14,17
"Lochnagar","lakes",FALSE,100,100,"00000000111000",2,14,15,18
"Lochnagar","lakes",FALSE,100,100,"00000000111000",2,14,15,18
"Grand Caricaie","lakes",TRUE,100,100,"00000001110000",7,15,22,41
"Grand Caricaie","lakes",FALSE,100,100,"00000001110000",7,9,16,20
"Grand Caricaie","lakes",FALSE,100,100,"00000001110000",6,8,14,20
"Grand Caricaie","lakes",FALSE,100,100,"00000001110000",7,13,20,32
"Grand Caricaie","lakes",FALSE,100,100,"00000001110000",7,14,21,32
"Grand Caricaie","lakes",FALSE,100,58.5365853658537,"00000001100000",2,1,3,2
"Grand Caricaie","lakes",FALSE,100,39.0243902439024,"00000001000000",2,2,4,2
"Grand Caricaie","lakes",FALSE,100,100,"00000001110000",7,12,19,31
"Grand Caricaie","lakes",FALSE,100,100,"00000001110000",7,13,20,31
"Grand Caricaie","lakes",FALSE,100,100,"00000001110000",7,10,17,18
"Grand Caricaie","lakes",FALSE,100,100,"00000001110000",6,11,17,18
"Grand Caricaie","lakes",FALSE,100,100,"00000001110000",7,10,17,21
"Grand Caricaie","lakes",FALSE,100,100,"00000001110000",7,12,19,21
"Grand Caricaie","lakes",FALSE,100,100,"00000001110000",6,11,17,27
"Grand Caricaie","lakes",FALSE,100,100,"00000001110000",7,13,20,27
"Grand Caricaie","lakes",FALSE,100,100,"00000001110000",4,9,13,16
"Grand Caricaie","lakes",FALSE,100,100,"00000001110000",5,9,14,16
"Grand Caricaie","lakes",FALSE,100,100,"00000001110000",6,9,15,17
"Grand Caricaie","lakes",FALSE,100,100,"00000001110000",6,8,14,17
"Grand Caricaie","lakes",FALSE,100,100,"00000001110000",6,10,16,15
"Grand Caricaie","lakes",FALSE,100,100,"00000001110000",5,9,14,15
"Grand Caricaie","lakes",FALSE,100,100,"00000001110000",7,13,20,30
"Grand Caricaie","lakes",FALSE,100,100,"00000001110000",7,13,20,30
"Grand Caricaie","lakes",FALSE,100,100,"00000001110000",6,5,11,9
"Grand Caricaie","lakes",FALSE,100,100,"00000001110000",4,6,10,9
"Grand Caricaie","lakes",FALSE,100,60.9756097560976,"00000000010000",1,3,4,3
"Grand Caricaie","lakes",FALSE,100,100,"00000001010000",2,3,5,3
"Grand Caricaie","lakes",FALSE,100,100,"00000001110000",7,15,22,29
"Grand Caricaie","lakes",FALSE,100,100,"00000001110000",7,15,22,29
"Grand Caricaie","lakes",FALSE,100,100,"00000001110000",6,11,17,14
"Grand Caricaie","lakes",FALSE,100,100,"00000001110000",6,8,14,14
"Grand Caricaie","lakes",FALSE,100,60.9756097560976,"00000000010000",1,1,2,1
"Grand Caricaie","lakes",FALSE,100,60.9756097560976,"00000000010000",1,1,2,1
"Grand Caricaie","lakes",FALSE,100,100,"00000001110000",3,7,10,8
"Grand Caricaie","lakes",FALSE,100,100,"00000001110000",4,7,11,8
"Grand Caricaie","lakes",FALSE,100,100,"00000001110000",7,11,18,25
"Grand Caricaie","lakes",FALSE,100,100,"00000001110000",7,11,18,25
"Grand Caricaie","lakes",FALSE,100,100,"00000001110000",6,5,11,10
"Grand Caricaie","lakes",FALSE,100,100,"00000001110000",4,6,10,10
"Grand Caricaie","lakes",FALSE,100,100,"00000001110000",7,13,20,26
"Grand Caricaie","lakes",FALSE,100,100,"00000001110000",7,11,18,26
"East African Lakes","lakes",TRUE,90.2777777777778,90.2777777777778,"00000000001011",17,17,22,72
"East African Lakes","lakes",FALSE,90.1408450704225,90.2777777777778,"00000000001011",17,17,22,71
"East African Lakes","lakes",FALSE,90.1408450704225,90.2777777777778,"00000000001011",17,17,22,71
"East African Lakes","lakes",FALSE,95.8333333333333,90.2777777777778,"00000000001011",9,12,19,24
"East African Lakes","lakes",FALSE,91.6666666666667,90.2777777777778,"00000000001011",10,13,17,24
"East African Lakes","lakes",FALSE,94.7368421052632,90.2777777777778,"00000000001011",14,14,21,38
"East African Lakes","lakes",FALSE,89.4736842105263,90.2777777777778,"00000000001011",14,16,20,38
"East African Lakes","lakes",FALSE,92,90.2777777777778,"00000000001011",10,12,18,25
"East African Lakes","lakes",FALSE,84,90.2777777777778,"00000000001011",9,14,18,25
"East African Lakes","lakes",FALSE,89.5522388059701,90.2777777777778,"00000000001011",17,16,22,67
"East African Lakes","lakes",FALSE,89.5522388059701,90.2777777777778,"00000000001011",16,17,22,67
"East African Lakes","lakes",FALSE,100,90.2777777777778,"00000000001011",10,5,14,12
"East African Lakes","lakes",FALSE,83.3333333333333,90.2777777777778,"00000000001011",8,8,15,12
"East African Lakes","lakes",FALSE,100,36.1111111111111,"00000000001000",1,1,2,1
"East African Lakes","lakes",FALSE,100,63.8888888888889,"00000000000010",1,1,2,1
"East African Lakes","lakes",FALSE,100,63.8888888888889,"00000000000010",3,2,5,3
"East African Lakes","lakes",FALSE,100,90.2777777777778,"00000000001011",3,3,6,3
"East African Lakes","lakes",FALSE,85.7142857142857,90.2777777777778,"00000000001011",6,7,12,7
"East African Lakes","lakes",FALSE,85.7142857142857,75,"00000000001010",4,5,8,7
"East African Lakes","lakes",FALSE,86.1111111111111,90.2777777777778,"00000000001011",14,14,20,36
"East African Lakes","lakes",FALSE,88.8888888888889,90.2777777777778,"00000000001011",13,16,21,36
"East African Lakes","lakes",FALSE,87.719298245614,90.2777777777778,"00000000001011",15,17,22,57
"East African Lakes","lakes",FALSE,87.719298245614,90.2777777777778,"00000000001011",14,16,20,57
"East African Lakes","lakes",FALSE,89.7058823529412,90.2777777777778,"00000000001011",15,17,22,68
"East African Lakes","lakes",FALSE,91.1764705882353,90.2777777777778,"00000000001011",16,17,22,68
"East African Lakes","lakes",FALSE,89.2307692307692,90.2777777777778,"00000000001011",13,17,21,65
"East African Lakes","lakes",FALSE,89.2307692307692,90.2777777777778,"00000000001011",17,16,22,65
"East African Lakes","lakes",FALSE,84.6153846153846,90.2777777777778,"00000000001011",9,14,17,26
"East African Lakes","lakes",FALSE,88.4615384615385,90.2777777777778,"00000000001011",9,15,17,26
"East African Lakes","lakes",FALSE,90.4761904761905,90.2777777777778,"00000000001011",13,16,21,42
"East African Lakes","lakes",FALSE,92.8571428571429,90.2777777777778,"00000000001011",14,15,19,42
"East African Lakes","lakes",FALSE,88.2352941176471,90.2777777777778,"00000000001011",10,10,18,17
"East African Lakes","lakes",FALSE,100,90.2777777777778,"00000000001011",10,10,16,17
"East African Lakes","lakes",FALSE,88.8888888888889,90.2777777777778,"00000000001011",14,17,21,63
"East African Lakes","lakes",FALSE,92.0634920634921,90.2777777777778,"00000000001011",15,17,21,63
"East African Lakes","lakes",FALSE,88.5245901639344,90.2777777777778,"00000000001011",16,17,22,61
"East African Lakes","lakes",FALSE,90.1639344262295,90.2777777777778,"00000000001011",13,17,21,61
"East African Lakes","lakes",FALSE,93.5483870967742,90.2777777777778,"00000000001011",9,14,18,31
"East African Lakes","lakes",FALSE,87.0967741935484,90.2777777777778,"00000000001011",13,14,18,31
"East African Lakes","lakes",FALSE,90.9090909090909,90.2777777777778,"00000000001011",8,9,14,11
"East African Lakes","lakes",FALSE,90.9090909090909,90.2777777777778,"00000000001011",7,9,14,11
"UK Streams","streams",TRUE,92.3728813559322,92.3728813559322,"00000011111100",10,68,71,354
"UK Streams","streams",FALSE,93.1506849315068,92.3728813559322,"00000011111100",10,61,65,219
"UK Streams","streams",FALSE,94.0639269406393,92.3728813559322,"00000011111100",10,61,66,219
"UK Streams","streams",FALSE,90.9090909090909,92.3728813559322,"00000001111100",10,57,61,143
"UK Streams","streams",FALSE,93.7062937062937,92.3728813559322,"00000011111100",10,53,58,143
"UK Streams","streams",FALSE,92.2360248447205,92.3728813559322,"00000011111100",10,67,70,322
"UK Streams","streams",FALSE,92.2360248447205,92.3728813559322,"00000011111100",10,66,69,322
"UK Streams","streams",FALSE,91.2621359223301,92.3728813559322,"00000011111100",10,59,63,206
"UK Streams","streams",FALSE,92.2330097087379,92.3728813559322,"00000011111100",10,58,64,206
"UK Streams","streams",FALSE,91.4285714285714,92.3728813559322,"00000011111100",10,58,65,175
"UK Streams","streams",FALSE,90.8571428571429,92.3728813559322,"00000011111100",10,57,61,175
"UK Streams","streams",FALSE,100,83.6158192090395,"00000010111000",6,8,14,8
"UK Streams","streams",FALSE,75,83.3333333333333,"00000000110100",5,8,13,8
"UK Streams","streams",FALSE,93.3054393305439,92.3728813559322,"00000011111100",10,62,66,239
"UK Streams","streams",FALSE,91.6317991631799,92.3728813559322,"00000011111100",10,59,64,239
"UK Streams","streams",FALSE,91.6923076923077,92.3728813559322,"00000011111100",10,68,71,325
"UK Streams","streams",FALSE,92,92.3728813559322,"00000011111100",10,68,71,325
"UK Streams","streams",FALSE,92.5925925925926,92.3728813559322,"00000011111100",10,48,52,108
"UK Streams","streams",FALSE,92.5925925925926,92.3728813559322,"00000001111100",10,50,57,108
"UK Streams","streams",FALSE,92.7777777777778,92.3728813559322,"00000011111100",10,56,60,180
"UK Streams","streams",FALSE,91.6666666666667,92.3728813559322,"00000011111100",10,57,61,180
"UK Streams","streams",FALSE,92.603550295858,92.3728813559322,"00000011111100",10,68,71,338
"UK Streams","streams",FALSE,92.3076923076923,92.3728813559322,"00000011111100",10,68,71,338
"UK Streams","streams",FALSE,91.4285714285714,92.3728813559322,"00000001111100",10,44,52,105
"UK Streams","streams",FALSE,95.2380952380952,92.3728813559322,"00000011111100",10,45,53,105
"UK Streams","streams",FALSE,92.4242424242424,92.3728813559322,"00000011111100",10,65,69,330
"UK Streams","streams",FALSE,92.4242424242424,92.3728813559322,"00000011111100",10,67,70,330
"UK Streams","streams",FALSE,87.2340425531915,85.8757062146893,"00000011111000",10,32,40,47
"UK Streams","streams",FALSE,89.3617021276596,92.3728813559322,"00000011111100",9,33,39,47
"UK Streams","streams",FALSE,92.0792079207921,92.3728813559322,"00000011111100",10,65,68,303
"UK Streams","streams",FALSE,92.4092409240924,92.3728813559322,"00000011111100",10,63,66,303
"UK Streams","streams",FALSE,92.9292929292929,92.3728813559322,"00000011111100",10,62,66,297
"UK Streams","streams",FALSE,91.5824915824916,92.3728813559322,"00000011111100",10,63,67,297
"UK Streams","streams",FALSE,98.7654320987654,92.3728813559322,"00000011111100",10,47,53,81
"UK Streams","streams",FALSE,96.2962962962963,92.3728813559322,"00000011111100",10,47,54,81
"UK Streams","streams",FALSE,92.0127795527157,92.3728813559322,"00000011111100",10,68,71,313
"UK Streams","streams",FALSE,91.6932907348243,92.3728813559322,"00000011111100",10,67,70,313
"UK Streams","streams",FALSE,91.9753086419753,92.3728813559322,"00000011111100",10,65,68,324
"UK Streams","streams",FALSE,92.2839506172839,92.3728813559322,"00000011111100",10,67,70,324
"UK Streams","streams",FALSE,92.3809523809524,92.3728813559322,"00000011111100",10,64,68,315
"UK Streams","streams",FALSE,91.4285714285714,92.3728813559322,"00000011111100",10,67,71,315
"UK streams","streams",TRUE,97.2358722358722,97.2358722358722,"00000011111000",13,127,129,1628
"UK streams","streams",FALSE,97.3821989528796,97.2358722358722,"00000011111000",13,82,87,191
"UK streams","streams",FALSE,95.2879581151832,97.2358722358722,"00000011111000",13,91,95,191
"UK streams","streams",FALSE,97.5778546712803,97.2358722358722,"00000011111000",13,108,112,578
"UK streams","streams",FALSE,96.8858131487889,97.2358722358722,"00000011111000",13,112,115,578
"UK streams","streams",FALSE,96.551724137931,97.2358722358722,"00000011111000",13,70,77,116
"UK streams","streams",FALSE,97.4137931034483,97.2358722358722,"00000011111000",13,67,74,116
"UK streams","streams",FALSE,96.9325153374233,97.2358722358722,"00000011111000",13,121,124,815
"UK streams","streams",FALSE,97.5460122699387,97.2358722358722,"00000011111000",13,124,127,815
"UK streams","streams",FALSE,97.1677559912854,97.2358722358722,"00000011111000",13,126,128,1377
"UK streams","streams",FALSE,97.3856209150327,97.2358722358722,"00000011111000",13,125,128,1377
"UK streams","streams",FALSE,97.0588235294118,97.2358722358722,"00000011111000",11,32,39,34
"UK streams","streams",FALSE,97.0588235294118,97.2358722358722,"00000011111000",10,24,32,34
"UK streams","streams",FALSE,96.8379446640316,97.2358722358722,"00000011111000",13,125,127,1012
"UK streams","streams",FALSE,97.7272727272727,97.2358722358722,"00000011111000",13,124,126,1012
"UK streams","streams",FALSE,97.2165648336728,97.2358722358722,"00000011111000",13,125,127,1473
"UK streams","streams",FALSE,97.1486761710794,97.2358722358722,"00000011111000",13,126,128,1473
"UK streams","streams",FALSE,97.9362101313321,97.2358722358722,"00000011111000",13,114,117,533
"UK streams","streams",FALSE,97.7485928705441,97.2358722358722,"00000011111000",13,113,117,533
"UK streams","streams",FALSE,96.8645016797312,97.2358722358722,"00000011111000",13,123,126,893
"UK streams","streams",FALSE,97.5363941769317,97.2358722358722,"00000011111000",13,122,125,893
"UK streams","streams",FALSE,97.5141242937853,97.2358722358722,"00000011111000",13,125,127,885
"UK streams","streams",FALSE,96.9491525423729,97.2358722358722,"00000011111000",13,119,122,885
"UK streams","streams",FALSE,96.9135802469136,97.2358722358722,"00000011111000",13,115,119,486
"UK streams","streams",FALSE,97.119341563786,97.2358722358722,"00000011111000",13,111,115,486
"UK streams","streams",FALSE,96.7435549525102,97.2358722358722,"00000011111000",13,116,119,737
"UK streams","streams",FALSE,97.0149253731343,97.2358722358722,"00000011111000",13,115,118,737
"UK streams","streams",FALSE,97.1624266144814,97.2358722358722,"00000011111000",13,123,125,1022
"UK streams","streams",FALSE,97.4559686888454,97.2358722358722,"00000011111000",13,122,125,1022
"UK streams","streams",FALSE,97.1594577146546,97.2358722358722,"00000011111000",13,127,129,1549
"UK streams","streams",FALSE,97.224015493867,97.2358722358722,"00000011111000",13,127,129,1549
"UK streams","streams",FALSE,97.8260869565217,97.2358722358722,"00000011111000",13,121,124,736
"UK streams","streams",FALSE,97.1467391304348,97.2358722358722,"00000011111000",13,119,121,736
"UK streams","streams",FALSE,97.4468085106383,97.2358722358722,"00000011111000",13,106,109,470
"UK streams","streams",FALSE,97.8723404255319,97.2358722358722,"00000011111000",13,113,117,470
"UK streams","streams",FALSE,97.7329974811083,97.2358722358722,"00000011111000",13,109,113,397
"UK streams","streams",FALSE,98.7405541561713,97.2358722358722,"00000011111000",13,107,111,397
"UK streams","streams",FALSE,96.2962962962963,97.2358722358722,"00000011111000",13,97,101,351
"UK streams","streams",FALSE,97.7207977207977,97.2358722358722,"00000011111000",13,102,106,351
"UK streams","streams",FALSE,97.1631205673759,97.2358722358722,"00000011111000",13,125,127,1551
"UK streams","streams",FALSE,97.2275950999355,97.2358722358722,"00000011111000",13,127,129,1551
"NewZealandStreams","streams",TRUE,98.1927710843374,98.1927710843374,"00000011110000",22,83,96,332
"NewZealandStreams","streams",FALSE,97.5609756097561,98.1927710843374,"00000011110000",16,53,66,123
"NewZealandStreams","streams",FALSE,99.1869918699187,93.9759036144578,"00000011100000",17,55,68,123
"NewZealandStreams","streams",FALSE,97.6377952755905,98.1927710843374,"00000011110000",21,73,85,254
"NewZealandStreams","streams",FALSE,98.0314960629921,98.1927710843374,"00000011110000",20,75,87,254
"NewZealandStreams","streams",FALSE,100,96.6867469879518,"00000001110000",4,8,12,8
"NewZealandStreams","streams",FALSE,100,92.4698795180723,"00000001100000",6,7,13,8
"NewZealandStreams","streams",FALSE,98.1042654028436,98.1927710843374,"00000011110000",19,71,85,211
"NewZealandStreams","streams",FALSE,98.1042654028436,98.1927710843374,"00000011110000",20,68,81,211
"NewZealandStreams","streams",FALSE,98.1818181818182,98.1927710843374,"00000011110000",18,50,64,110
"NewZealandStreams","streams",FALSE,97.2727272727273,98.1927710843374,"00000011110000",18,49,63,110
"NewZealandStreams","streams",FALSE,97.8571428571429,98.1927710843374,"00000011110000",19,57,68,140
"NewZealandStreams","streams",FALSE,99.2857142857143,98.1927710843374,"00000011110000",17,61,74,140
"NewZealandStreams","streams",FALSE,97.3333333333333,98.1927710843374,"00000011110000",17,39,54,75
"NewZealandStreams","streams",FALSE,97.3333333333333,98.1927710843374,"00000011110000",14,40,51,75
"NewZealandStreams","streams",FALSE,96.4285714285714,93.9759036144578,"00000011100000",11,21,32,28
"NewZealandStreams","streams",FALSE,96.4285714285714,93.9759036144578,"00000011100000",11,19,28,28
"NewZealandStreams","streams",FALSE,98.4,98.1927710843374,"00000011110000",21,76,92,250
"NewZealandStreams","streams",FALSE,98,98.1927710843374,"00000011110000",19,76,89,250
"NewZealandStreams","streams",FALSE,100,16.2650602409639,"00000001000000",1,1,2,1
"NewZealandStreams","streams",FALSE,100,76.2048192771084,"00000000100000",1,1,2,1
"NewZealandStreams","streams",FALSE,97.6,98.1927710843374,"00000011110000",15,56,68,125
"NewZealandStreams","streams",FALSE,98.4,98.1927710843374,"00000011110000",16,55,66,125
"NewZealandStreams","streams",FALSE,97.9452054794521,98.1927710843374,"00000011110000",21,81,94,292
"NewZealandStreams","streams",FALSE,98.2876712328767,98.1927710843374,"00000011110000",22,79,92,292
"NewZealandStreams","streams",FALSE,98.0645161290323,98.1927710843374,"00000011110000",22,81,94,310
"NewZealandStreams","streams",FALSE,98.3870967741936,98.1927710843374,"00000011110000",22,83,96,310
"NewZealandStreams","streams",FALSE,100,92.4698795180723,"00000001100000",8,9,17,11
"NewZealandStreams","streams",FALSE,100,92.4698795180723,"00000001100000",6,8,14,11
"NewZealandStreams","streams",FALSE,97.2826086956522,98.1927710843374,"00000011110000",21,72,85,184
"NewZealandStreams","streams",FALSE,98.9130434782609,98.1927710843374,"00000011110000",20,65,80,184
"NewZealandStreams","streams",FALSE,98.4662576687117,98.1927710843374,"00000011110000",21,82,95,326
"NewZealandStreams","streams",FALSE,98.159509202454,98.1927710843374,"00000011110000",22,82,95,326
"NewZealandStreams","streams",FALSE,96.5217391304348,98.1927710843374,"00000011110000",16,49,63,115
"NewZealandStreams","streams",FALSE,96.5217391304348,98.1927710843374,"00000011110000",15,55,66,115
"NewZealandStreams","streams",FALSE,100,93.9759036144578,"00000011100000",4,5,9,5
"NewZealandStreams","streams",FALSE,80,80.421686746988,"00000000110000",3,5,8,5
"NewZealandStreams","streams",FALSE,98.3388704318937,98.1927710843374,"00000011110000",22,80,94,301
"NewZealandStreams","streams",FALSE,98.3388704318937,98.1927710843374,"00000011110000",21,79,91,301
"NewZealandStreams","streams",FALSE,98.5507246376812,98.1927710843374,"00000011110000",20,67,80,207
"NewZealandStreams","streams",FALSE,98.5507246376812,98.1927710843374,"00000011110000",21,71,85,207
"Iceland streams","streams",TRUE,100,100,"00000011110000",3,20,22,43
"Iceland streams","streams",FALSE,100,95.3488372093023,"00000011100000",3,6,9,8
"Iceland streams","streams",FALSE,100,79.0697674418605,"00000010100000",3,6,9,8
"Iceland streams","streams",FALSE,100,100,"00000011110000",3,18,20,31
"Iceland streams","streams",FALSE,100,100,"00000011110000",3,17,20,31
"Iceland streams","streams",FALSE,100,100,"00000011110000",3,19,21,30
"Iceland streams","streams",FALSE,100,100,"00000011110000",3,16,18,30
"Iceland streams","streams",FALSE,100,100,"00000011110000",3,20,22,41
"Iceland streams","streams",FALSE,100,100,"00000011110000",3,19,21,41
"Iceland streams","streams",FALSE,100,95.3488372093023,"00000011100000",3,13,16,20
"Iceland streams","streams",FALSE,100,100,"00000011110000",3,12,14,20
"Iceland streams","streams",FALSE,100,100,"00000011110000",3,19,21,33
"Iceland streams","streams",FALSE,100,100,"00000011110000",3,18,20,33
"Iceland streams","streams",FALSE,100,95.3488372093023,"00000011100000",3,5,8,6
"Iceland streams","streams",FALSE,100,95.3488372093023,"00000011100000",3,5,8,6
"Iceland streams","streams",FALSE,100,100,"00000011110000",3,17,19,32
"Iceland streams","streams",FALSE,100,100,"00000011110000",3,19,21,32
"Iceland streams","streams",FALSE,100,95.3488372093023,"00000011100000",3,14,17,27
"Iceland streams","streams",FALSE,100,100,"00000011110000",3,14,16,27
"Iceland streams","streams",FALSE,100,95.3488372093023,"00000011100000",3,17,19,24
"Iceland streams","streams",FALSE,100,100,"00000011110000",3,15,17,24
"Iceland streams","streams",FALSE,100,100,"00000011110000",3,20,22,43
"Iceland streams","streams",FALSE,100,100,"00000011110000",3,20,22,43
"Iceland streams","streams",FALSE,100,100,"00000011110000",3,10,12,12
"Iceland streams","streams",FALSE,100,100,"00000011110000",3,9,11,12
"Iceland streams","streams",FALSE,100,95.3488372093023,"00000011100000",3,11,14,16
"Iceland streams","streams",FALSE,100,95.3488372093023,"00000011100000",3,12,15,16
"Iceland streams","streams",FALSE,100,100,"00000011110000",3,18,20,26
"Iceland streams","streams",FALSE,100,100,"00000011110000",3,16,18,26
"Iceland streams","streams",FALSE,100,100,"00000011110000",3,14,16,22
"Iceland streams","streams",FALSE,100,100,"00000011110000",3,14,16,22
"Iceland streams","streams",FALSE,100,100,"00000011110000",3,18,20,29
"Iceland streams","streams",FALSE,100,100,"00000011110000",3,19,21,29
"Iceland streams","streams",FALSE,100,100,"00000011110000",3,16,18,28
"Iceland streams","streams",FALSE,100,100,"00000011110000",3,14,16,28
"Iceland streams","streams",FALSE,100,95.3488372093023,"00000011100000",3,9,12,11
"Iceland streams","streams",FALSE,100,100,"00000011110000",3,9,11,11
"Iceland streams","streams",FALSE,100,39.5348837209302,"00000010000000",2,3,5,3
"Iceland streams","streams",FALSE,100,79.0697674418605,"00000010100000",2,3,5,3
"Iceland streams","streams",FALSE,100,79.0697674418605,"00000010100000",2,4,6,5
"Iceland streams","streams",FALSE,100,79.0697674418605,"00000010100000",3,5,8,5
"Intertidal rocky pools","marine",TRUE,99.8441396508728,99.8441396508728,"00000011111000",68,142,162,3208
"Intertidal rocky pools","marine",FALSE,99.9134948096886,99.8441396508728,"00000011111000",62,101,130,1156
"Intertidal rocky pools","marine",FALSE,99.9134948096886,99.8441396508728,"00000011111000",58,104,127,1156
"Intertidal rocky pools","marine",FALSE,99.8336106489185,99.8441396508728,"00000001111000",54,90,111,601
"Intertidal rocky pools","marine",FALSE,99.5008319467554,99.8441396508728,"00000011111000",57,85,113,601
"Intertidal rocky pools","marine",FALSE,99.8389694041868,99.8441396508728,"00000011111000",53,95,120,621
"Intertidal rocky pools","marine",FALSE,99.8389694041868,99.8441396508728,"00000011111000",54,88,107,621
"Intertidal rocky pools","marine",FALSE,99.5238095238095,99.8441396508728,"00000001111000",37,56,75,210
"Intertidal rocky pools","marine",FALSE,99.5238095238095,99.8441396508728,"00000011111000",41,60,85,210
"Intertidal rocky pools","marine",FALSE,99.8842145889618,99.8441396508728,"00000011111000",65,134,154,2591
"Intertidal rocky pools","marine",FALSE,99.8070243149363,99.8441396508728,"00000011111000",66,136,155,2591
"Intertidal rocky pools","marine",FALSE,99.8986828774063,99.8441396508728,"00000011111000",65,119,144,1974
"Intertidal rocky pools","marine",FALSE,99.7467071935157,99.8441396508728,"00000011111000",66,129,150,1974
"Intertidal rocky pools","marine",FALSE,99.7762863534676,99.8441396508728,"00000011111000",50,80,103,447
"Intertidal rocky pools","marine",FALSE,99.7762863534676,99.8441396508728,"00000001111000",49,74,100,447
"Intertidal rocky pools","marine",FALSE,99.7501249375312,99.8441396508728,"00000011111000",67,124,147,2001
"Intertidal rocky pools","marine",FALSE,99.9000499750125,99.8441396508728,"00000011111000",64,125,145,2001
"Intertidal rocky pools","marine",FALSE,99.8616874135546,99.8441396508728,"00000011111000",67,138,158,2892
"Intertidal rocky pools","marine",FALSE,99.8616874135546,99.8441396508728,"00000011111000",67,139,160,2892
"Intertidal rocky pools","marine",FALSE,99.7920997920998,99.8441396508728,"00000011111000",62,113,138,1443
"Intertidal rocky pools","marine",FALSE,99.9306999306999,99.8441396508728,"00000011111000",63,114,136,1443
"Intertidal rocky pools","marine",FALSE,99.79035639413,99.8441396508728,"00000011111000",59,119,139,1431
"Intertidal rocky pools","marine",FALSE,99.79035639413,99.8441396508728,"00000011111000",65,117,139,1431
"Intertidal rocky pools","marine",FALSE,99.1416309012876,99.8441396508728,"00000001111000",40,59,77,233
"Intertidal rocky pools","marine",FALSE,100,99.8441396508728,"00000001111000",38,60,81,233
"Intertidal rocky pools","marine",FALSE,99.8726114649682,99.8441396508728,"00000011111000",60,92,122,785
"Intertidal rocky pools","marine",FALSE,99.8726114649682,99.8441396508728,"00000011111000",57,86,114,785
"Intertidal rocky pools","marine",FALSE,99.9155761924863,99.8441396508728,"00000011111000",67,130,154,2369
"Intertidal rocky pools","marine",FALSE,99.8733642887294,99.8441396508728,"00000011111000",67,128,149,2369
"Intertidal rocky pools","marine",FALSE,99.9137187230371,99.8441396508728,"00000011111000",63,113,137,1159
"Intertidal rocky pools","marine",FALSE,99.8274374460742,99.8441396508728,"00000011111000",62,101,128,1159
"Intertidal rocky pools","marine",FALSE,99.8576005695977,99.8441396508728,"00000011111000",68,137,158,2809
"Intertidal rocky pools","marine",FALSE,99.8932004271983,99.8441396508728,"00000011111000",68,138,158,2809
"Intertidal rocky pools","marine",FALSE,99.8865355521936,99.8441396508728,"00000011111000",67,135,157,2644
"Intertidal rocky pools","marine",FALSE,99.8487140695915,99.8441396508728,"00000011111000",66,134,153,2644
"Intertidal rocky pools","marine",FALSE,99.7955010224949,99.8441396508728,"00000011111000",62,110,138,1467
"Intertidal rocky pools","marine",FALSE,99.7955010224949,99.8441396508728,"00000011111000",65,120,145,1467
"Intertidal rocky pools","marine",FALSE,99.8319327731092,99.8441396508728,"00000011111000",68,133,154,2380
"Intertidal rocky pools","marine",FALSE,99.8319327731092,99.8441396508728,"00000011111000",67,135,157,2380
"Intertidal rocky pools","marine",FALSE,99.8260264439805,99.8441396508728,"00000011111000",67,140,159,2874
"Intertidal rocky pools","marine",FALSE,99.8260264439805,99.8441396508728,"00000011111000",68,138,159,2874
"California salt marsh","marine",TRUE,93.574297188755,93.574297188755,"00001000111010",12,60,62,249
"California salt marsh","marine",FALSE,100,92.7710843373494,"00001000111000",8,8,16,11
"California salt marsh","marine",FALSE,90.9090909090909,88.3534136546185,"00000000111000",7,11,16,11
"California salt marsh","marine",FALSE,100,88.3534136546185,"00000000111000",5,6,11,6
"California salt marsh","marine",FALSE,83.3333333333333,40.5622489959839,"00000000100000",4,5,9,6
"California salt marsh","marine",FALSE,93.4010152284264,93.574297188755,"00001000111010",12,54,57,197
"California salt marsh","marine",FALSE,94.4162436548223,93.574297188755,"00001000111010",12,59,61,197
"California salt marsh","marine",FALSE,94.1704035874439,93.574297188755,"00001000111010",12,60,62,223
"California salt marsh","marine",FALSE,94.1704035874439,93.574297188755,"00001000111010",12,57,60,223
"California salt marsh","marine",FALSE,93.4959349593496,93.574297188755,"00001000111010",12,60,62,246
"California salt marsh","marine",FALSE,93.9024390243902,93.574297188755,"00001000111010",12,59,61,246
"California salt marsh","marine",FALSE,97.0588235294118,93.574297188755,"00001000111010",9,27,33,34
"California salt marsh","marine",FALSE,94.1176470588235,88.3534136546185,"00000000111000",11,24,33,34
"California salt marsh","marine",FALSE,98.1481481481482,93.574297188755,"00001000111010",11,38,44,54
"California salt marsh","marine",FALSE,96.2962962962963,92.7710843373494,"00001000111000",11,31,39,54
"California salt marsh","marine",FALSE,93.2515337423313,93.574297188755,"00001000111010",12,59,62,163
"California salt marsh","marine",FALSE,93.8650306748466,93.574297188755,"00001000111010",12,54,58,163
"California salt marsh","marine",FALSE,91.8238993710692,92.7710843373494,"00001000111000",12,54,58,159
"California salt marsh","marine",FALSE,91.8238993710692,93.574297188755,"00001000111010",12,55,58,159
"California salt marsh","marine",FALSE,77.7777777777778,88.3534136546185,"00000000111000",5,9,10,9
"California salt marsh","marine",FALSE,88.8888888888889,89.1566265060241,"00000000111010",7,9,16,9
"California salt marsh","marine",FALSE,93.3333333333333,92.7710843373494,"00001000111000",12,44,51,75
"California salt marsh","marine",FALSE,94.6666666666667,93.574297188755,"00001000111010",11,42,49,75
"California salt marsh","marine",FALSE,94.1666666666667,92.7710843373494,"00001000111000",12,53,57,120
"California salt marsh","marine",FALSE,95.8333333333333,93.574297188755,"00001000111010",12,47,51,120
"California salt marsh","marine",FALSE,91.8032786885246,93.574297188755,"00001000111010",12,55,60,183
"California salt marsh","marine",FALSE,94.5355191256831,93.574297188755,"00001000111010",12,56,59,183
"California salt marsh","marine",FALSE,94.1798941798942,93.574297188755,"00001000111010",12,56,59,189
"California salt marsh","marine",FALSE,92.5925925925926,93.574297188755,"00001000111010",12,58,60,189
"California salt marsh","marine",FALSE,96.2962962962963,93.574297188755,"00001000111010",12,42,46,81
"California salt marsh","marine",FALSE,95.0617283950617,93.574297188755,"00001000111010",12,45,52,81
"California salt marsh","marine",FALSE,92.8571428571429,93.574297188755,"00001000111010",12,52,56,126
"California salt marsh","marine",FALSE,92.0634920634921,92.7710843373494,"00001000111000",12,48,52,126
"California salt marsh","marine",FALSE,92.156862745098,93.574297188755,"00001000111010",12,56,59,153
"California salt marsh","marine",FALSE,95.4248366013072,93.574297188755,"00001000111010",12,57,59,153
"California salt marsh","marine",FALSE,93.1818181818182,93.574297188755,"00001000111010",12,57,59,176
"California salt marsh","marine",FALSE,92.6136363636364,93.574297188755,"00001000111010",12,57,59,176
"California salt marsh","marine",FALSE,94.8453608247423,93.574297188755,"00001000111010",11,47,52,97
"California salt marsh","marine",FALSE,88.659793814433,92.7710843373494,"00001000111000",12,46,52,97
"California salt marsh","marine",FALSE,96.2121212121212,93.574297188755,"00001000111010",12,53,57,132
"California salt marsh","marine",FALSE,92.4242424242424,92.7710843373494,"00001000111000",12,55,58,132
